"POS","ID","PosScore","NegScore","SynsetTerms","Gloss"
"n","00037006",0.625,0,"masterpiece#2","an outstanding achievement"
"n","00037090",0.75,0,"masterstroke#1","an achievement demonstrating great skill or mastery"
"n","00040545",0.625,0,"cross-fertilization#2 cross-fertilisation#2","interchange between different cultures or different ways of thinking that is mutually productive and beneficial; \"the cross-fertilization of science and the creative arts\""
"n","00064504",0.625,0,"strike#6 smasher#3 smash#5 hit#3 bang#5","a conspicuous success; \"that song was his first hit and marked the beginning of his career\"; \"that new Broadway show is a real smasher\"; \"the party went with a bang\""
"n","00143536",0.625,0,"going-over#1","a careful and thorough inspection"
"n","00254415",0.625,0,"sanitization#1 sanitisation#1 sanitation#2","making something sanitary (free of germs) as by sterilizing"
"n","00261405",0.625,0,"reform#3","self-improvement in behavior or morals by abandoning some vice; \"the family rejoiced in the drunkard's reform\""
"n","00272448",0.625,0,"subversion#1 corruption#5","destroying someone's (or some group's) honesty or loyalty; undermining moral integrity; \"corruption of a minor\"; \"the big city's subversion of rural innocence\""
"n","00273319",0.625,0,"profanation#2","degradation of something worthy of respect; cheapening"
"n","00273449",0.625,0.375,"humiliation#4 abasement#2","depriving one of self-esteem"
"n","00416216",0.625,0.125,"strait_and_narrow#1 straight_and_narrow#1","the way of proper and honest behavior; \"he taught his children to keep strictly to the straight and narrow\""
"n","00431005",0.875,0,"joke#2 jocularity#3 jest#2","activity characterized by good humor"
"n","00512522",0.625,0,"toying#1 flirting#1 flirtation#1 flirt#2 dalliance#2 coquetry#1","playful behavior intended to arouse sexual interest"
"n","00515297",0.75,0,"pleasantry#1","an agreeable or amusing remark; \"they exchange pleasantries\""
"n","00538791",0.625,0,"highland_fling#1","a vigorous Scottish reel"
"n","00549766",0.625,0,"method_acting#1 method#2","an acting technique introduced by Stanislavsky in which the actor recalls emotions or reactions from his or her own life and uses them to identify with the character being portrayed"
"n","00745637",0.75,0,"wickedness#1 iniquity#2 immorality#2 evil#1","morally objectionable behavior"
"n","00754424",0.625,0,"cheating#1 cheat#5","a deception for profit to yourself"
"n","00757337",0.625,0.125,"actual_sin#1","a sin committed of your own free will (as contrasted with original sin)"
"n","00758175",0.625,0.25,"superbia#1 pride#5","unreasonable and inordinate self-esteem (personified as one of the deadly sins)"
"n","00778405",0.625,0.125,"fraud_in_law#1","fraud that is presumed from the circumstances although the one who commits it need not have had any evil intent"
"n","00828559",0.625,0,"primping#1","careful or finicky grooming; \"the primping alone took more than an hour\""
"n","01130735",0.625,0,"noblesse_oblige#1","the obligation of those of high rank to be honorable and generous (often used ironically)"
"n","01193886",0.625,0,"acquittal#1","a judgment of not guilty"
"n","01203676",0.625,0,"conformity#2 conformation#3 compliance#1 abidance#1","acting according to certain accepted standards; \"their financial statements are in conformity with generally accepted accounting practices\""
"n","01205010",0.625,0,"keeping#1","conformity or harmony; \"his behavior was not in keeping with the occasion\""
"n","01207108",0.625,0,"reenlistment#1","a renewed enlistment"
"n","01218593",0.75,0,"appreciation#4 admiration#3","a favorable judgment; \"a small token in admiration of your works\""
"n","01225299",0.75,0,"indignity#1","an affront to one's dignity or self-esteem"
"n","01226679",0.75,0,"benevolence#3 benefaction#2","an act intending or showing kindness and good will"
"n","01227495",0.625,0,"mercy#5","alleviation of distress; showing great kindness toward the distressed; \"distributing food and clothing to the flood victims was an act of mercy\""
"n","01229549",0.875,0,"props#1","proper respect; \"I have to give my props to the governor for the way he handled the problem\""
"n","01262345",0.75,0,"titillation#2","an agreeable arousal"
"n","01265475",0.75,0,"beatification#2","the action of rendering supremely blessed and extremely happy"
"n","01421496",0.625,0,"sporozoa#1 class_sporozoa#1","strictly parasitic protozoans that are usually immobile; includes plasmodia and coccidia and piroplasms and malaria parasites"
"n","01996392",0.625,0,"subclass_copepoda#1 copepoda#1","minute planktonic or parasitic crustaceans"
"n","02185814",0.625,0,"shaft_louse#1 menopon_palladum#1 menopon_gallinae#1 chicken_louse#1","a louse parasitic on poultry"
"n","02209964",0.625,0,"cuckoo-bumblebee#1","a bee that is parasitic in the nests of bumblebees"
"n","02414442",0.75,0,"rambouillet#1","hardy sheep developed from the merino producing both good mutton and fine wool"
"n","02577403",0.625,0,"rainbow_runner#1 elagatis_bipinnulata#1","streamlined cigar-shaped jack; good game fish"
"n","02834506",0.625,0,"bib-and-tucker#1","an attractive outfit; \"she wore her best bib-and-tucker\""
"n","02916936",0.625,0,"bulletproof_vest#1","a vest capable of resisting the impact of a bullet"
"n","02966068",0.625,0,"caroche#1","a luxurious carriage suitable for nobility in the 16th and 17th century"
"n","03038595",0.75,0,"classic#1","a creation of the highest excellence"
"n","03445217",0.625,0,"goldmine#1 gold_mine#1","a good source of something that is desired"
"n","03599212",0.75,0,"jimhickey#2 jimdandy#2 crackerjack#2","something excellent of its kind; \"the bike was a jimdandy\""
"n","03811648",0.625,0,"pilot_chart#1 navigational_chart#1 naval_chart#1","a chart for a navigator showing the prevailing meteorological and hydrographic and navigational conditions"
"n","04125021",0.625,0,"safe#1","strongbox where valuables can be safely kept"
"n","04308397",0.625,0,"stealth_fighter#1","a fighter that is difficult to detect by radar; is built for precise targeting and uses laser-guided bombs"
"n","04355511",0.625,0,"sundress#1","a light loose sleeveless summer dress with a wide neckline and thin shoulder straps that expose the arms and shoulders"
"n","04528630",0.75,0,"vermifuge#1 helminthic#1 anthelmintic#1 anthelminthic#1","a medication capable of causing the evacuation of parasitic intestinal worms"
"n","04616916",0.875,0,"character#9","(genetics) an attribute (structural or functional) that is determined by a gene or group of genes"
"n","04626280",0.625,0,"emotionality#1 emotionalism#1","emotional nature or quality"
"n","04626705",0.75,0,"drama#4","the quality of being arresting or highly emotional"
"n","04627000",0.625,0.125,"warmth#5 lovingness#2 fondness#3 affectionateness#2","a quality proceeding from feelings of affection or love"
"n","04627367",0.625,0.125,"uxoriousness#1","foolish fondness for or excessive submissiveness to one's wife"
"n","04631067",0.625,0,"good-temperedness#1 good-naturedness#1 good-humouredness#1 good-humoredness#1","a cheerful willingness to be obliging"
"n","04631700",0.625,0,"vivification#1 spiritedness#1 invigoration#1 brio#1 animation#3","quality of being active or spirited or alive and vigorous"
"n","04632063",0.75,0,"chirpiness#1","cheerful and lively"
"n","04633570",0.625,0,"elan#3","enthusiastic and assured vigor and liveliness; \"a performance of great elan and sophistication\""
"n","04633959",0.75,0,"irrepressibility#1 buoyancy#4","irrepressible liveliness and good spirit; \"I admired his buoyancy and persistent good humor\""
"n","04634299",0.75,0.25,"vivacity#1","characterized by high spirits and animation"
"n","04634415",0.75,0,"mettlesomeness#1","courageous high-spiritedness"
"n","04640176",0.875,0.125,"good_nature#1","a cheerful, obliging disposition"
"n","04640356",0.778,0.222,"grace#4 goodwill#3 good_will#1","a disposition to kindness and compassion; \"the victor's grace in treating the vanquished\""
"n","04640538",0.75,0,"patience#1 longanimity#1 forbearance#1","good-natured tolerance of delay or incompetence"
"n","04640927",0.75,0,"agreeableness#2 agreeability#1","a temperamental disposition to be agreeable"
"n","04649560",0.625,0.125,"facetiousness#1","playful humor"
"n","04649835",0.625,0,"sportiveness#1 frolicsomeness#1 friskiness#1","lively high-spirited playfulness"
"n","04650913",0.875,0,"bluffness#1","good-natured frankness"
"n","04653627",0.556,0.444,"comradeship#1 comradery#1 comradeliness#1 chumminess#1 camaraderie#1","the quality of affording easy familiarity and sociability"
"n","04655829",0.556,0.444,"congeniality#2","a congenial disposition"
"n","04656282",0.625,0,"hospitableness#1","having a disposition that welcomes guests and is fond of entertaining"
"n","04656996",0.625,0.25,"withdrawnness#1 standoffishness#1 remoteness#2 aloofness#2","a disposition to be distant and unsympathetic in manner"
"n","04663204",0.625,0,"attentiveness#2","the trait of being considerate and thoughtful of others"
"n","04663494",0.625,0.125,"carefulness#2","the quality of being careful and painstaking; \"I admired the carefulness of his work\""
"n","04664628",0.625,0,"sharp-sightedness#2 on_the_qui_vive#1 alertness#3","lively attentiveness"
"n","04668819",0.75,0,"trustworthiness#1 trustiness#1","the trait of deserving trust and confidence"
"n","04670022",0.625,0,"reliableness#1 reliability#1 dependableness#1 dependability#1","the quality of being dependable or reliable"
"n","04679300",0.625,0,"verisimilitude#1","the appearance of truth; the quality of seeming to be true"
"n","04680133",0.625,0,"poker_face#1","a face without any interpretable expression (as that of a good poker player)"
"n","04684255",0.625,0,"raw_beauty#1","beauty that is stark and powerfully impressive"
"n","04684765",0.875,0,"picturesqueness#2","visually vivid and pleasing"
"n","04684872",0.75,0,"pleasingness#2","an agreeable beauty that gives pleasure or enjoyment; \"the liveliness and pleasingness of dark eyes\"- T.N. Carver"
"n","04685195",0.625,0,"glamour#1 glamor#1","alluring beauty or charm (often with sex-appeal)"
"n","04685396",0.875,0,"loveliness#1 fairness#4 comeliness#1 beauteousness#1","the quality of being good looking and attractive"
"n","04685649",0.625,0,"prettiness#1 cuteness#1","the quality of being appealing in a delicate or graceful way (of a girl or young woman)"
"n","04686003",0.75,0,"attractiveness#2","sexual allure"
"n","04688246",0.625,0.25,"attractiveness#1 attraction#3","the quality of arousing interest; being attractive or something that attracts; \"her personality held a strange attraction for him\""
"n","04689942",0.625,0,"showstopper#2 show-stopper#2","something that is strikingly attractive or has great popular appeal; \"she has a show-stopper of a smile\"; \"the brilliant orange flowers against the green foliage were a showstopper\""
"n","04690592",0.625,0.25,"grotesquery#1 grotesquerie#1 grotesqueness#1","ludicrous or incongruous unnaturalness or distortion"
"n","04691861",0.625,0,"shapelessness#2","the quality of lacking an esthetically pleasing shape"
"n","04697267",0.625,0,"plainness#3","the appearance of being plain and unpretentious"
"n","04706087",0.625,0.125,"conspicuousness#2","high visibility"
"n","04709011",0.625,0.125,"smoothness#5","the quality of being free from errors or interruptions; \"the five-speed manual gearbox is smoothness personified\""
"n","04712405",0.625,0.125,"combustibleness#1 combustibility#1 burnability#1","the quality of being capable of igniting and burning"
"n","04713853",0.625,0.375,"rightness#4 nicety#1 justness#1","conformity with some esthetic standard of correctness or propriety; \"it was performed with justness and beauty\""
"n","04714156",0.625,0,"congruousness#1 congruity#1 congruence#1","the quality of agreeing; being suitable and appropriate"
"n","04715487",0.625,0,"suitableness#1 suitability#1","the quality of having the properties that are right for a specific purpose; \"an important requirement is suitability for long trips\""
"n","04715947",0.625,0,"appropriateness#2","the quality of being specially suitable"
"n","04716491",0.75,0,"aptness#2 appositeness#1","appropriateness for the occasion; \"the phrase had considerable aptness\""
"n","04720024",0.625,0.125,"painfulness#2 distressingness#1","the quality of being painful; \"she feared the painfulness of childbirth\""
"n","04721428",0.75,0,"inaptness#1 inappositeness#1","inappropriateness; \"greater inaptness of expression would be hard to imagine\""
"n","04728068",0.625,0,"quality#2 calibre#1 caliber#1","a degree or grade of excellence or worth; \"the quality of students has risen\"; \"an executive of low caliber\""
"n","04728376",0.75,0,"superiority#1 high_quality#1","the quality of being superior"
"n","04728604",0.875,0,"fineness#1 choiceness#1","the quality of being very good indeed; \"the inn is distinguished by the fineness of its cuisine\""
"n","04728786",0.625,0,"excellence#1","the quality of excelling; possessing good qualities in high degree"
"n","04729127",1,0,"wonderfulness#1 admirableness#1 admirability#1","admirable excellence"
"n","04730285",0.625,0,"first_water#1","the highest quality gems"
"n","04734885",0.625,0.25,"inconstancy#2 changefulness#1","the quality of being changeable and variable"
"n","04736516",0.625,0.125,"transferability#1","the quality of being transferable or exchangeable; \"sterling transferability affords a means of multilateral settlement for....trade between nondollar countries\""
"n","04739630",0.75,0.25,"innateness#1","the quality of being innate"
"n","04741311",0.625,0.125,"mutableness#1 mutability#1","the quality of being capable of mutation"
"n","04743024",0.625,0.125,"indistinguishability#1 identity#4 identicalness#1","exact sameness; \"they shared an identity of interests\""
"n","04745679",0.625,0.25,"homogeneousness#1 homogeneity#1","the quality of being similar or comparable in kind or nature; \"there is a remarkable homogeneity between the two companies\""
"n","04752034",0.625,0.125,"variety#6 change#10","a difference that is usually pleasant; \"he goes to France for variety\"; \"it is a refreshing change to meet a woman mechanic\""
"n","04757864",0.625,0.375,"indetermination#1 indeterminateness#1 indeterminacy#1 indefinity#1 indefiniteness#1","the quality of being vague and poorly defined"
"n","04763650",0.625,0.125,"uniqueness#1 singularity#1","the quality of being one of a kind; \"that singularity distinguished him from all his companions\""
"n","04765851",0.75,0,"totality#2","the quality of being complete and indiscriminate; \"the totality of war and its consequences\"; \"the all-embracing totality of the state\""
"n","04766059",0.625,0.25,"simplicity#1 simpleness#2","the quality of being simple or uncompounded; \"the simplicity of a crystal\""
"n","04769716",0.625,0.125,"smoothness#4","the quality of having a level and even surface; \"the water was a glassy smoothness\"; \"the weather system of the Pacific is determined by the uninterrupted smoothness of the ocean\""
"n","04777421",0.75,0.25,"looseness#4","the quality of movability by virtue of being free from attachment or other restraints"
"n","04779053",0.625,0,"amenity#1 agreeableness#1","pleasantness resulting from agreeable conditions; \"a well trained staff saw to the agreeableness of our accommodations\"; \"he discovered the amenities of reading at an early age\""
"n","04779521",0.625,0,"niceness#2","the quality of nice"
"n","04784664",0.75,0,"logicalness#1 logicality#1","correct and valid reasoning"
"n","04786326",0.625,0,"unaffectedness#1","not affected; a personal manner that is not consciously constrained"
"n","04786595",0.625,0.25,"unassumingness#1 sincerity#3","a quality of naturalness and simplicity; \"the simple sincerity of folk songs\""
"n","04787324",0.625,0,"naturalization#1 naturalisation#1","the quality of being brought into conformity with nature"
"n","04788332",0.75,0,"preciousness#3 preciosity#1","the quality of being fastidious or excessively refined"
"n","04788982",0.625,0.25,"pretentiousness#2 pretension#3 largeness#4","the quality of being pretentious (behaving or speaking in such a manner as to create a false appearance of great importance or worth)"
"n","04789689",0.875,0,"wholesomeness#1","the quality of being beneficial and generally good for you"
"n","04789897",0.875,0,"nutritiveness#1 nutritiousness#1","the quality of being nourishing and promoting healthy growth"
"n","04790070",0.875,0,"healthfulness#1","the quality of promoting good health"
"n","04790238",0.625,0.25,"salubrity#1 salubriousness#1","the quality of being salubrious and invigorating"
"n","04793355",0.75,0,"unsatisfactoriness#1","the quality of being inadequate or unsuitable"
"n","04802198",0.75,0,"rightness#3 correctness#1","conformity to fact or truth"
"n","04803430",0.625,0,"exactness#1 exactitude#1","the quality of being exact; \"he demanded exactness in all details\"; \"a man of great exactitude\""
"n","04804169",0.75,0,"trueness#3","exactness of adjustment; \"I marveled at the trueness of his aim\""
"n","04807342",0.625,0,"praiseworthiness#1 laudableness#1 laudability#1","the quality of being worthy of praise"
"n","04807489",0.625,0,"quotability#1","the quality of being worthy of being quoted"
"n","04808639",0.625,0,"popularity#1","the quality of being widely admired or accepted or sought after; \"his charm soon won him affection and popularity\"; \"the universal popularity of American movies\""
"n","04811995",0.75,0,"refinement#5 civilization#4 civilisation#4","the quality of excellence in thought and manners and taste; \"a man of intellectual refinement\"; \"he is remembered for his generosity and civilization\""
"n","04812268",0.875,0,"elegance#1","a refined quality of gracefulness and good taste; \"she conveys an aura of elegance and gentility\""
"n","04812636",0.875,0,"elegance#2","a quality of neatness and ingenious simplicity in the solution of a problem (especially in science or mathematics); \"the simplicity and elegance of his invention\""
"n","04813066",0.75,0,"fineness#4 delicacy#1 daintiness#1","the quality of being beautiful and delicate in appearance; \"the daintiness of her touch\"; \"the fineness of her features\""
"n","04813395",0.875,0,"tastefulness#1","elegance indicated by good taste"
"n","04813540",0.625,0,"gentility#1 genteelness#1 breeding#1","elegance by virtue of fineness of manner and expression"
"n","04813712",0.625,0,"swank#1 stylishness#1 smartness#3 modishness#1 last_word#3 chicness#1 chichi#2 chic#1","elegance by virtue of being fashionable"
"n","04814238",0.625,0,"splendour#2 splendor#2 magnificence#2 grandness#3 grandeur#1 brilliance#2","the quality of being magnificent or splendid or grand; \"for magnificence and personal service there is the Queen's hotel\"; \"his `Hamlet' lacks the brilliance that one expects\"; \"it is the university that gives the scene its stately splendor\"; \"an imaginative mix of old-fashioned grandeur and colorful art\"; \"advertisers capitalize on the grandness and elegance it brings to their products\""
"n","04815002",0.75,0,"pomp#2 eclat#2","ceremonial elegance and splendor; \"entered with much eclat in a coach drawn by eight white horses\""
"n","04815177",0.625,0,"class#8","elegance in dress or behavior; \"she has a lot of class\""
"n","04815321",0.625,0.125,"inelegance#1","the quality of lacking refinement and good taste"
"n","04816302",0.875,0,"urbanity#2","the quality or character of life in a city or town; \"there is an important difference between rusticity and urbanity\""
"n","04818284",0.625,0.25,"tastelessness#2","inelegance indicated by a lack of good taste"
"n","04821277",0.75,0,"coherency#2 coherence#2","logical and orderly and consistent relation of parts"
"n","04826235",0.75,0.125,"righteousness#1","adhering to moral principles"
"n","04826485",0.625,0.125,"impeccability#2","the quality of being exempt from sin or incapable of sinning"
"n","04827652",0.625,0,"unrighteousness#1","failure to adhere to moral principles; \"forgave us our sins and cleansed us of all unrighteousness\""
"n","04830578",0.625,0.25,"bestiality#1","the stupid brutal quality of a beast"
"n","04832401",0.625,0,"bigheartedness#1","the quality of being kind and generous"
"n","04833276",0.75,0,"selflessness#1 altruism#1","the quality of unselfish concern for the welfare of others"
"n","04835260",0.75,0,"self-love#2 narcissism#1 narcism#1","an exceptional interest in and admiration for yourself; \"self-love that shut out everyone else\""
"n","04839154",0.625,0.125,"fairness#1 equity#3","conformity with rules or standards; \"the judge recognized the fairness of my claim\""
"n","04840011",0.625,0.375,"kindness#1","the quality of being warmhearted and considerate and humane and sympathetic"
"n","04840537",0.625,0,"beneficence#2","the quality of being kind or helpful or generous"
"n","04841245",0.625,0,"loving-kindness#1","tender kindness motivated by a feeling of affection"
"n","04841358",0.625,0,"thoughtfulness#2 consideration#4 considerateness#1","kind and considerate regard for others; \"he showed no consideration for her feelings\""
"n","04841664",0.625,0,"kindliness#1 helpfulness#2","friendliness evidence by a kindly and helpful disposition"
"n","04843875",0.625,0.125,"perceptiveness#4","the quality of insight and sympathetic understanding"
"n","04845146",0.625,0,"unperceptiveness#1","the lack of insight and sympathetic understanding"
"n","04846770",0.875,0.125,"morality#1","concern with the distinction between good and evil or right and wrong; right or good conduct"
"n","04847482",0.75,0.125,"virtue#4","a particular moral excellence"
"n","04847733",0.75,0,"natural_virtue#1","(scholasticism) one of the four virtues (prudence, justice, fortitude, and temperance) derived from nature"
"n","04848686",0.75,0,"conscientiousness#1","the quality of being in accord with the dictates of conscience"
"n","04849241",0.875,0,"goodness#2 good#2","moral excellence or admirableness; \"there is much good to be found in people\""
"n","04849614",0.625,0,"summum_bonum#1","the supreme good in which all moral values are included or from which they are derived"
"n","04849759",0.625,0,"virtue#3 sexual_morality#1 chastity#2","morality with respect to sexual relations"
"n","04850341",0.625,0,"rightfulness#1 right#7","anything in accord with principles of justice; \"he feels he is in the right\"; \"the rightfulness of his claim\""
"n","04850996",0.75,0.125,"putrefaction#3 depravity#1 depravation#1 degeneracy#2 corruption#4","moral perversion; impairment of virtue and moral principles; \"the luxury and corruption among the upper classes\"; \"moral degeneracy followed intellectual degeneration\"; \"its brothels, its opium parlors, its depravity\"; \"Rome had fallen into moral putrefaction\""
"n","04851421",0.75,0,"infection#6","moral corruption or contamination; \"ambitious men are led astray by an infection that is almost unavoidable\""
"n","04851865",0.625,0,"anomy#2 anomie#2","lack of moral standards in a society"
"n","04853503",0.75,0.125,"perversity#2 perverseness#2","deliberately deviating from what is good; \"there will always be a few people who, through macho perversity, gain satisfaction from bullying and terrorism\""
"n","04853873",0.625,0.375,"vice#1 frailty#2","moral weakness"
"n","04854976",0.625,0,"divinity#2","the quality of being divine; \"ancient Egyptians believed in the divinity of the Pharaohs\""
"n","04855524",0.625,0.25,"ideality#1","the quality of being ideal"
"n","04856308",0.75,0.25,"safeness#1","the quality of being safe"
"n","04865016",0.625,0.125,"steadfastness#2","steadfast resolution"
"n","04866078",0.625,0.125,"sedulousness#1 sedulity#1","the quality of being constantly diligent and attentive"
"n","04868350",0.625,0.125,"sanctimony#1 sanctimoniousness#1","the quality of being hypocritically devout"
"n","04868748",0.875,0,"honourableness#1 honorableness#1","the quality of deserving honor or respect; characterized by honor"
"n","04869106",0.75,0,"honour#3 honor#3","the quality of being honorable and having a good name; \"a man of honor\""
"n","04869256",0.75,0,"scrupulousness#1","conformity to high standards of ethics or excellence"
"n","04869405",0.625,0,"venerableness#1 venerability#1","the quality of deserving veneration"
"n","04869569",0.875,0.125,"integrity#2","moral soundness; \"he expects to find in us the common honesty and integrity of men of business\"; \"they admired his scrupulous professional integrity\""
"n","04869811",0.75,0,"probity#1","complete and confirmed integrity; having strong moral principles; \"in a world where financial probity may not be widespread\"; \"he enjoys an exaggerated reputation for probity\""
"n","04870040",0.75,0.25,"incorruptness#1 incorruption#1","characterized by integrity or probity"
"n","04870643",0.625,0,"noble-mindedness#1 idealism#3 high-mindedness#1","elevated ideals or conduct; the quality of believing that ideals should be pursued"
"n","04871002",0.75,0,"respectability#1 reputability#1","honorableness by virtue of being respectable and having a good reputation"
"n","04872676",0.625,0.25,"artlessness#2","ingenuousness by virtue of being free from artful deceit"
"n","04872958",0.75,0,"motherliness#1 maternity#3 maternalism#1 maternal_quality#1","the quality of having or showing the tenderness and warmth and affection of or befitting a mother; \"the girl's motherliness made her invaluable in caring for the children\""
"n","04874409",0.75,0.25,"unrespectability#1 disreputableness#1 disreputability#1","dishonorableness by virtue of lacking respectability or a good reputation"
"n","04876705",0.75,0,"artfulness#1","the quality of being adroit in taking unfair advantage"
"n","04876985",0.625,0.25,"fidelity#2 faithfulness#1","the quality of being faithful"
"n","04877421",0.875,0,"dedication#1","complete and wholehearted fidelity"
"n","04880273",0.625,0,"worldliness#1 sophistication#4 mundanity#1 mundaneness#1","the quality or character of being intellectually sophisticated and worldly through cultivation or experience or disillusionment"
"n","04880830",0.625,0.375,"naturalness#2 innocence#1 ingenuousness#1 artlessness#1","the quality of innocent naivete"
"n","04886881",0.75,0,"self-worth#1 self-respect#1 self-regard#1 dignity#1","the quality of being worthy of esteem or respect; \"it was beneath his dignity to cheat\"; \"showed his true dignity when under pressure\""
"n","04889000",0.625,0,"superiority#3","displaying a sense of being better than others; \"he hated the white man's superiority and condescension\""
"n","04895246",0.625,0,"trustingness#1 trustfulness#1 trust#3","the trait of believing in the honesty and reliability of others; \"the experience destroyed his trust and personal dignity\""
"n","04897152",0.625,0.25,"squeamishness#2","the trait of being excessively fastidious and easily shocked; \"the program was withdrawn because of the squeamishness of some viewers\"; \"he refused to allow squeamishness to deter him from his duty\""
"n","04898437",0.625,0,"propriety#1 properness#1 correctitude#1","correct or appropriate behavior"
"n","04898804",0.625,0,"decorum#1 decorousness#1","propriety in manners and conduct"
"n","04900121",0.875,0,"reserve#1 modesty#2","formality and propriety of manner"
"n","04900739",0.875,0,"decency#1","the quality of conforming to standards of propriety and morality"
"n","04904352",0.625,0,"tranquillity#3 tranquility#1 serenity#1 repose#3 quiet#4 placidity#2","a disposition free from stress or emotion"
"n","04905546",0.625,0,"manageableness#1 manageability#1","capable of being managed or controlled"
"n","04905697",0.625,0.125,"docility#1","the trait of being agreeably submissive and manageable"
"n","04910973",0.75,0,"softness#7 mildness#2 gentleness#2","acting in a manner that is gentle and mild and even-tempered; \"his fingers have learned gentleness\"; \"suddenly her gigantic power melted into softness for the baby\"; \"even in the pulpit there are moments when mildness of manner is not enough\""
"n","04912732",0.875,0,"good_manners#1 courtesy#3","a courteous manner"
"n","04912982",0.75,0,"politeness#1 niceness#1","a courteous manner that respects accepted social usage"
"n","04913212",0.875,0,"urbanity#1","polished courtesy; elegance of manner"
"n","04913322",0.75,0,"suavity#1 suaveness#1 smoothness#3 blandness#3","the quality of being bland and gracious or ingratiating in manner"
"n","04913568",0.625,0,"graciousness#1","excellence of manners or social conduct"
"n","04913738",0.625,0.125,"politesse#1 gallantry#2 chivalry#1","courtesy towards women"
"n","04914991",0.556,0.444,"ungraciousness#1","an offensive lack of good manners"
"n","04915462",0.625,0.375,"shortness#6 gruffness#2 curtness#1 brusqueness#1 abruptness#1","an abrupt discourteous manner"
"n","04921900",0.625,0,"training#2 education#5 breeding#2","the result of good upbringing (especially knowledge of correct social behavior); \"a woman of breeding and refinement\""
"n","04926728",0.625,0.25,"freshness#1","the property of being pure and fresh (as if newly made); not stale or deteriorated; \"she loved the freshness of newly baked bread\"; \"the freshness of the air revived him\""
"n","04927098",0.875,0,"crispness#1","a pleasing firmness and freshness; \"crispness of new dollar bills\"; \"crispness of fresh lettuce\""
"n","04977412",0.75,0,"ruddiness#1 rosiness#2","a healthy reddish complexion"
"n","04995421",0.75,0,"tastiness#1 pleasingness#1","pleasant palatability"
"n","05008746",0.625,0,"hermaphroditism#2 bisexuality#1 androgyny#1","showing characteristics of both sexes"
"n","05098225",0.75,0.25,"extremeness#1","the quality of being extreme"
"n","05112474",0.75,0.25,"stuffiness#2 closeness#2","the quality of being close and poorly ventilated"
"n","05118862",0.625,0,"extravagancy#1 extravagance#1","the quality of exceeding the appropriate limits of decorum or probability or truth; \"we were surprised by the extravagance of his description\""
"n","05138208",0.75,0,"worth#2","the quality that renders something desirable or valuable or useful"
"n","05138488",0.625,0,"value#2","the quality (positive or negative) that renders something desirable or valuable; \"the Shakespearean Shylock is of dubious value in the modern world\""
"n","05138958",0.75,0,"virtue#2 merit#1","any admirable quality or attribute; \"work of great merit\""
"n","05141222",0.75,0,"valuableness#1 pricelessness#1 preciousness#2 invaluableness#1","the positive quality of being precious and beyond value"
"n","05141683",0.625,0,"price#4","the high value or worth of something; \"her price is far above rubies\""
"n","05141840",0.625,0,"desirableness#1 desirability#1","the quality of being worthy of desiring"
"n","05142180",0.625,0,"goodness#1 good#3","that which is pleasing or valuable or useful; \"weigh the good against the bad\"; \"among the highest goods of all are happiness and self-realization\""
"n","05145891",0.625,0,"expensiveness#1","the quality of being high-priced"
"n","05147381",0.75,0,"fruitfulness#1 fecundity#3","the quality of something that causes or assists healthy growth"
"n","05150458",0.625,0,"instrumentality#2","the quality of being instrumental for some purpose"
"n","05151372",0.625,0,"functionality#1","capable of serving a purpose well; \"software with greater functionality\""
"n","05151576",0.625,0,"viability#2","capable of being done in a practical and useful way"
"n","05151701",0.625,0,"sensibleness#1","the quality of showing good sense or practical judgment"
"n","05153520",0.625,0.25,"competency#1 competence#1","the quality of being adequately or well qualified physically and intellectually"
"n","05154517",0.625,0,"plus#1 asset#1","a useful or valuable quality"
"n","05155821",0.625,0,"vantage#2 advantage#1","the quality of having a superior or more favorable position; \"the experience gave him the advantage over me\""
"n","05157574",0.875,0,"profit#2 gain#2","the advantageous quality of being beneficial"
"n","05157732",0.625,0,"account#10","the quality of taking advantage; \"she turned her writing skills to good account\""
"n","05157866",0.75,0,"profitableness#2 profitability#1 lucrativeness#1 gainfulness#1","the quality of affording gain or benefit or profit"
"n","05158619",0.625,0,"superiority#2 favourable_position#1 favorable_position#1","the quality of being at a competitive advantage"
"n","05159948",0.625,0,"wiseness#1 wisdom#4 soundness#2","the quality of being prudent and sensible"
"n","05160399",0.625,0.25,"advisability#1","the quality of being advisable; \"they questioned the advisability of our policy\""
"n","05160574",0.75,0,"reasonableness#2","goodness of reason and judgment; \"the judiciary is built on the reasonableness of judges\""
"n","05160796",0.625,0.125,"profitableness#1 positivity#3 positiveness#3 favourableness#1 favorableness#1 advantageousness#1","the quality of being encouraging or promising of a successful outcome"
"n","05167117",0.75,0,"affirmativeness#1","the agreeable quality of one who assents"
"n","05168261",0.75,0.125,"importance#1","the quality of being important and worthy of note; \"the importance of a well-balanced diet\""
"n","05168697",0.625,0,"big_deal#2","anything of great importance or consequence"
"n","05169037",0.875,0.125,"account#6","importance or value; \"a person of considerable account\"; \"he predicted that although it is of small account now it will rapidly increase in importance\""
"n","05169412",0.625,0.25,"momentousness#1","utmost importance"
"n","05170236",0.75,0.125,"meaningfulness#1","the quality of having great value or significance"
"n","05170400",0.75,0,"sense_of_purpose#1 purposefulness#1","the quality of having a definite purpose"
"n","05171045",0.875,0,"essentialness#1 essentiality#1","basic importance"
"n","05173795",0.625,0,"meaninglessness#2","the quality of having no value or significance; \"he resented the meaninglessness of the tasks they assigned him\""
"n","05174326",0.625,0,"purposelessness#1 aimlessness#1","the quality of lacking any definite purpose"
"n","05182157",0.625,0,"right_to_liberty#1","the right to be free"
"n","05193621",0.75,0.25,"shrillness#1","the quality of being sharp or harsh to the senses; \"the shrillness of her hair color\""
"n","05202497",0.625,0.125,"capableness#2 capability#1","the quality of being capable -- physically or intellectually or legally; \"he worked to the limits of his capability\""
"n","05203207",0.625,0,"executability#1","capability of being executed; \"the job is executable for two million dollars\"; \"this contract is not executable\""
"n","05208422",0.625,0.125,"romanticism#3 romance#2","an exciting and mysterious quality (as of a heroic time or adventure)"
"n","05210003",0.625,0.125,"ratability#2","the quality of being capable of being rated or estimated"
"n","05210717",0.625,0.25,"comicality#1","the quality of being comical"
"n","05210820",0.625,0.125,"voluptuousness#1 hot_stuff#1","the quality of being attractive and exciting (especially sexually exciting); \"he thought she was really hot stuff\""
"n","05614476",0.75,0,"eye#2","good discernment (either visually or as if visually); \"she has an eye for fresh talent\"; \"he has an artist's eye\""
"n","05615028",0.75,0,"logic#2","reasoned and reasonable judgment; \"it made a certain kind of logic\""
"n","05615258",0.625,0,"road_sense#1","good judgment in avoiding trouble or accidents on the road"
"n","05615373",0.875,0,"judiciousness#1","good judgment"
"n","05616092",0.875,0,"injudiciousness#1 indiscreetness#1","lacking good judgment"
"n","05616786",0.625,0,"know-how#1","the (technical) knowledge and skill required to do something"
"n","05619743",0.75,0,"genius#2 brilliance#3","unusual mental ability"
"n","05620190",0.625,0,"scintillation#3","a brilliant display of wit"
"n","05621178",0.625,0,"wiliness#1 slyness#1 guile#1 foxiness#1 cunning#1 craftiness#1 craft#5","shrewdness as demonstrated by being skilled in deception"
"n","05623181",0.625,0,"potentiality#2 capableness#1 capability#3","an aptitude that may be developed"
"n","05628658",0.625,0,"garden_of_eden#1 eden#2","a beautiful garden where Adam and Eve were placed at the Creation; when they disobeyed and ate the forbidden fruit from the tree of knowledge of good and evil they were driven from their paradise (the fall of man)"
"n","05637356",0.625,0,"bravura#1","brilliant and showy technical skill; \"in a final bravura the ballerina appeared to be floating in water\"; \"the music ends with a display of bravura\""
"n","05657999",0.75,0,"ear#2","good hearing; \"he had a keen ear\"; \"a good ear for pitch\""
"n","05670615",0.75,0,"balletomania#1","extraordinary enthusiasm for ballets"
"n","05672178",0.625,0,"point_of_honor#1","a concern that seriously reflects on your honor"
"n","05703803",0.625,0,"notice#6","polite or favorable attention; \"his hard work soon attracted the teacher's notice\""
"n","05718556",0.875,0,"music#2 euphony#1","any agreeable (pleasing and harmonious) sounds; \"he fell asleep to the music of the wind chimes\""
"n","05749210",0.625,0,"word-splitting#1 hairsplitting#1","making too fine distinctions of little importance; \"they didn't take his hairsplitting seriously\""
"n","05751707",0.75,0.25,"discretion#3 delicacy#3","refined taste; tact"
"n","05757234",0.75,0,"mastering#1","becoming proficient in the use of something; having mastery of; \"his mastering the art of cooking took a long time\""
"n","05805012",0.625,0,"know#1","the fact of being aware of information that is known to few people; \"he is always in the know\""
"n","05808218",0.625,0,"find#1 discovery#3 breakthrough#1","a productive insight"
"n","05815691",0.625,0,"blind_spot#1","a subject about which you are ignorant or prejudiced and fail to exercise good judgment; \"golf is one of his blind spots and he's proud of it\""
"n","05819453",0.625,0,"truth#1","a fact that has been verified; \"at last he knew the truth\"; \"the truth is that he didn't want to do it\""
"n","05853924",0.625,0,"foil#2 enhancer#1","anything that serves by contrast to call attention to another thing's good qualities; \"pretty girls like plain friends as foils\""
"n","05881303",0.75,0,"law_of_effect#1","(psychology) the principle that behaviors are selected by their consequences; behavior having good consequences tends to be repeated whereas behavior that leads to bad consequences is not repeated"
"n","05894143",0.625,0,"logical_fallacy#1","a fallacy in logical argumentation"
"n","05900583",0.625,0,"rehabilitation_program#1","a program for restoring someone to good health"
"n","05909384",0.625,0,"wheeze#2","(Briticism) a clever or amusing scheme or trick; \"a clever wheeze probably succeeded in neutralizing the German espionage threat\""
"n","05918267",0.625,0,"theorem#2","an idea accepted as a demonstrable truth"
"n","05924730",0.75,0,"gold_standard#2","a paragon of excellence; \"academic education is the gold standard against which other educational activity is pejoratively judged\""
"n","05932709",0.625,0,"eye_candy#1","visual images that are pleasing to see but are intellectually undemanding; \"he wanted to put some eye candy on their web site\""
"n","05938400",0.625,0,"pilot#4 original#2 archetype#1","something that serves as a model or a basis for making copies; \"this painting is a copy of the original\""
"n","05939244",0.625,0.125,"prodigy#3","an impressive or wonderful example of a particular quality; \"the Marines are expected to perform prodigies of valor\""
"n","05955323",0.75,0,"principle#2","a rule or standard especially of good behavior; \"a man of principle\"; \"he will not violate his principles\""
"n","05957737",0.625,0.125,"scruple#3","an ethical or moral principle that inhibits action"
"n","05958427",0.625,0.125,"amoralism#1","the doctrine that moral distinctions are invalid"
"n","05962602",0.625,0,"imitation#1","the doctrine that representations of nature or human behavior should be accurate imitations"
"n","05975051",0.625,0,"instrumentalism#1","a system of pragmatic philosophy that considers idea to be instruments that should guide our actions and their value is measured by their success"
"n","05976471",0.75,0,"sensualism#2 sensationalism#3","(philosophy) the ethical doctrine that feeling is the only criterion for what is good"
"n","05979800",0.625,0,"white_magic#1","magic used only for good purposes"
"n","06160055",0.625,0,"casuistry#2","moral philosophy based on the application of general ethical principles to resolve moral dilemmas"
"n","06160596",0.75,0,"hedonism#2","an ethical system that evaluates the pursuit of pleasure as the highest good"
"n","06206800",0.75,0,"respect#3 regard#7 esteem#3","an attitude of admiration or esteem; \"she lost all respect for him\""
"n","06231494",0.625,0,"methodism#1","the religious beliefs and practices of Methodists characterized by concern with social welfare and public morals"
"n","06340977",0.625,0,"hakham#1","a Hebrew title of respect for a wise and highly educated man"
"n","06403969",0.625,0,"penmanship#1 chirography#1 calligraphy#1","beautiful handwriting"
"n","06447897",0.625,0,"revelation_of_saint_john_the_divine#1 revelation#4 book_of_revelation#1 apocalypse#2","the last book of the New Testament; contains visionary descriptions of heaven and of conflicts between good and evil and of the end of the world; attributed to Saint John the Apostle"
"n","06643120",0.625,0,"good_word#2","good news"
"n","06656143",0.625,0,"categorical_imperative#1","the moral principle that behavior should be determined by duty"
"n","06691684",0.625,0,"plaudits#1 plaudit#1 eclat#1 acclamation#1 acclaim#1","enthusiastic approval; \"the book met with modest acclaim\"; \"he acknowledged the plaudits of the crowd\"; \"they gave him more eclat than he really deserved\""
"n","06693198",1,0,"praise#1 kudos#1 extolment#1 congratulations#1","an expression of approval and commendation; \"he always appreciated praise for his work\""
"n","06697195",0.625,0,"tribute#1 testimonial#2","something given or done as an expression of esteem"
"n","06714874",0.75,0,"courtesy#2","a courteous or respectful or considerate remark"
"n","06721461",0.625,0,"stinger#2 cut#7","a remark capable of wounding mentally; \"the unkindest cut of all\""
"n","06732581",0.625,0,"reassertion#1 reaffirmation#1","renewed affirmation"
"n","06742932",0.75,0,"moralizing#1 moralization#1 moralisation#1","indulgence in moral pronouncements; the exposition (often superficially) of a particular moral code; \"his constant moralizing drove me mad\""
"n","06743230",0.625,0,"preachification#1","moralization delivered tediously in a preachy manner"
"n","06757289",0.625,0,"song_and_dance#2 fairytale#2 fairy_tale#2 fairy_story#2 cock-and-bull_story#1","an interesting but highly implausible story; often told as an excuse"
"n","06781878",0.75,0,"topper#4","an exceedingly good witticism that surpasses all that have gone before"
"n","06783155",0.875,0,"divination#1","successful conjecture by unusual insight or good luck"
"n","06892657",0.625,0,"benefit_concert#1","a concert given for the benefit of some charitable cause"
"n","07137461",0.625,0,"sweet_nothings#1 honeyed_words#1","inconsequential expressions of affection; \"he whispered sweet nothings into her ear\""
"n","07140348",0.625,0,"felicitation#1 congratulation#2","(usually plural) an expression of pleasure at the success or good fortune of another; \"I sent them my sincere congratulations on their marriage\""
"n","07153641",0.75,0.125,"moralism#1","a moral maxim"
"n","07174260",0.625,0,"popularization#1 popularisation#1","an interpretation that easily understandable and acceptable"
"n","07227589",0.75,0,"clean_bill_of_health#1","an assurance that someone is healthy or something is in good condition; \"the doctor gave him a clean bill of health\""
"n","07247451",0.625,0,"buildup#3","highly favorable publicity and praise; \"his letter of recommendation gave her a terrific buildup\""
"n","07268302",0.75,0,"cordon_bleu#2 blue_ribbon#1","an honor or award gained for excellence"
"n","07286799",0.625,0,"auspice#1","a favorable omen"
"n","07289588",0.625,0,"wonder#2 marvel#1","something that causes feelings of wonder; \"the wonders of modern science\""
"n","07293391",0.625,0,"square_deal#1 fair_deal#1","fair treatment"
"n","07294423",0.778,0.222,"deserts#1 comeuppance#1 comeupance#1","an outcome (good or bad) that is well deserved"
"n","07295629",0.625,0,"wages#1 reward#1 payoff#4","a recompense for worthy acts or retribution for wrongdoing; \"the wages of sin is death\"; \"virtue is its own reward\""
"n","07337694",0.625,0,"vicissitude#1","a variation in circumstances or fortune at different times in your life or in the development of something; \"the project was subject to the usual vicissitudes of exploratory research\""
"n","07434102",0.625,0,"warping#1 warp#3","a moral or mental distortion"
"n","07480068",0.625,0,"emotion#1","any strong feeling"
"n","07481084",0.625,0,"infatuation#1","a foolish and usually extravagant passion or love or admiration"
"n","07487955",0.625,0,"sexual_desire#1 physical_attraction#1 eros#2 concupiscence#1","a desire for sexual intimacy"
"n","07488567",0.625,0,"aphrodisia#1","a desire for heterosexual intimacy"
"n","07488788",0.625,0,"passion#5","a feeling of strong sexual desire"
"n","07489714",0.625,0,"lustfulness#1 lust#1 lecherousness#1","a strong sexual desire"
"n","07491981",0.75,0,"zestfulness#1 zest#1 relish#1 gusto#1","vigorous and enthusiastic enjoyment"
"n","07500159",0.625,0,"approval#2","a feeling of liking something or someone good; \"although she fussed at them, she secretly viewed all her children with approval\""
"n","07500414",0.75,0.125,"favour#1 favor#4","a feeling of favorable regard"
"n","07500741",0.625,0.125,"esteem#2 admiration#1","a feeling of delighted approval and liking"
"n","07501420",0.875,0.125,"worship#2 adoration#1","a feeling of profound love and admiration"
"n","07508486",0.625,0,"pridefulness#1 pride#1","a feeling of self-respect and personal worth"
"n","07509996",0.75,0,"wonderment#1 wonder#1 admiration#2","the feeling aroused by something strange and surprising"
"n","07512039",0.625,0,"playfulness#1 gaiety#2","a festive merry feeling"
"n","07527061",0.875,0,"bonheur#1","(French) happiness and good humor"
"n","07529245",0.625,0,"merriment#1 gaiety#1","a gay feeling"
"n","07530478",0.75,0,"cheerfulness#2 blitheness#1","a feeling of spontaneous good spirits; \"his cheerfulness made everyone feel better\""
"n","07541760",0.75,0.125,"sanguinity#1 sanguineness#1","feeling sanguine; optimistically cheerful and confident"
"n","07543288",0.625,0,"love#1","a strong positive emotion of regard and affection; \"his love for his work\"; \"children need a lot of love\""
"n","07544213",0.625,0,"enamoredness#1 amorousness#1","a feeling of love or fondness"
"n","07544647",0.625,0.25,"warmness#1 warmheartedness#2 tenderness#4 philia#1 heart#9 fondness#2 affectionateness#1 affection#1","a positive feeling of liking; \"he had trouble expressing the affection he felt\"; \"the child won everyone's heart\"; \"the warmness of his welcome made us feel right at home\""
"n","07545415",0.75,0,"respect#6 regard#6","a feeling of friendship and esteem; \"she mistook his manly regard for love\"; \"he inspires respect\""
"n","07545594",0.625,0.125,"soft_spot#2","a sentimental affection; \"she had a soft spot for her youngest son\""
"n","07545833",0.75,0,"beneficence#1","doing good; feeling beneficent"
"n","07549716",0.625,0,"envy#1 enviousness#1","a feeling of grudging admiration and desire to have something that is possessed by another"
"n","07551691",0.875,0,"good_temper#1 good_humour#1 good_humor#1 amiability#1","a cheerful and agreeable mood"
"n","07551890",0.75,0,"joviality#1 jollity#1 jolliness#1","feeling jolly and jovial and full of good humor"
"n","07597263",0.625,0,"sweetmeat#1","a sweetened delicacy (as a preserve or pastry)"
"n","07602279",0.625,0,"cooking_chocolate#1 bitter_chocolate#1 baking_chocolate#1","pure unsweetened chocolate used in baking and icings and sauces and candy"
"n","07646067",0.625,0,"hen#3","flesh of an older chicken suitable for stewing"
"n","07647321",0.625,0,"quail#1","flesh of quail; suitable for roasting or broiling if young; otherwise must be braised"
"n","07668215",0.75,0,"roast_lamb#1 lamb_roast#1","a cut of lamb suitable for roasting"
"n","07668588",0.625,0,"leg_of_lamb#1 gigot#1","lamb leg suitable for roasting"
"n","07702509",0.625,0,"junk_food#1","food that tastes good but is high in calories having little nutritional value"
"n","07708260",0.625,0,"eater#2","any green goods that are good to eat; \"these apples are good eaters\""
"n","07723330",0.625,0,"salad_greens#1 salad_green#1","greens suitable for eating uncooked as in salads"
"n","07741888",0.625,0,"stayman_winesap#1","crisp tart apple; good for eating raw and suitable for cooking"
"n","07922955",0.75,0,"criollo#2","cocoa of superior quality"
"n","09312843",0.75,0,"infective_agent#1 infectious_agent#1","an agent capable of producing infection"
"n","09405078",0.625,0,"rangeland#1","land suitable for grazing livestock"
"n","09424489",0.625,0,"satisfier#1","any agent capable of producing satisfaction"
"n","09529364",0.625,0,"uma#1","a benevolent aspect of Devi; `splendor'"
"n","09539183",0.625,0,"archangel#1","an angel ranked above the highest rank in the celestial hierarchy"
"n","09542697",0.75,0,"good_spirit#1 eudemon#1 eudaemon#1","a benevolent spirit"
"n","09545000",0.625,0,"houri#2","(Islam) one of the dark-eyed virgins of perfect beauty believed to live with the blessed in Paradise"
"n","09573405",0.625,0,"fortuna#1","(Roman mythology) the goddess of fortune and good luck; counterpart of Greek Tyche"
"n","09789150",0.75,0,"amoralist#1","someone who adheres to the doctrine that ordinary moral distinctions are invalid"
"n","09800631",0.625,0,"truckler#1 groveller#1 groveler#1 fawner#1 bootlicker#1 apple_polisher#1","someone who humbles himself as a sign of respect; who behaves as if he had no self-respect"
"n","09817386",0.625,0.25,"associate_professor#1","a teacher lower in rank than a full professor but higher than an assistant professor"
"n","09822640",0.75,0,"attester#1 attestant#2","someone who affirms or vouches for the correctness or truth or genuineness of something"
"n","09874428",0.75,0,"brick#2","a good fellow; helpful and trustworthy"
"n","09975630",0.625,0,"craftsman#1","a professional whose work is consistently of high quality; \"as an actor he was a consummate craftsman\""
"n",10002477,0.625,0,"demon#3","someone extremely diligent or skillful; \"he worked like a demon to finish the job on time\"; \"she's a demon at math\""
"n",10093396,1,0,"first-rater#1","one who is first-rate"
"n",10100761,0.625,0,"tomfool#1 saphead#1 sap#2 muggins#1 fool#1","a person who lacks good judgment"
"n",10115748,0.625,0,"full_professor#1","a professor of the highest rank"
"n",10125697,0.625,0,"general_manager#1","the highest ranking manager"
"n",10198832,0.75,0.125,"idolizer#1 idoliser#1","a lover blind with admiration and devotion"
"n",10220924,0.75,0.125,"jekyll_and_hyde#1","someone with two personalities - one good and one evil"
"n",10222353,0.75,0,"jimhickey#1 jimdandy#1 crackerjack#1","someone excellent of their kind; \"he's a jimdandy of a soldier\""
"n",10278128,0.875,0,"mummy#1 mum#2 mommy#1 momma#1 mom#1 mammy#2 mamma#1 mama#1 ma#1","informal terms for a mother"
"n",10280130,0.625,0,"master#1 maestro#1","an artist of consummate skill; \"a master of the violin\"; \"one of the old masters\""
"n",10325243,0.75,0,"saint#3 paragon#2 nonsuch#1 nonpareil#1 nonesuch#1 ideal#2 apotheosis#1","model of excellence or perfection of a kind; one having no equal"
"n",10325549,0.75,0,"class_act#1","someone who shows impressive and stylish excellence"
"n",10325656,0.625,0,"humdinger#1","someone of remarkable excellence; \"a humdinger of a secretary\""
"n",10386196,0.75,0,"out-and-outer#1","someone who is excellent at something"
"n",10416364,0.625,0,"peri#1","a beautiful and graceful girl"
"n",10441124,0.75,0,"pleaser#1","a pleasing entertainer; \"he is quite the crowd pleaser\""
"n",10456514,0.75,0,"possible#2","an applicant who might be suitable"
"n",10523076,1,0,"researcher#1 research_worker#1 investigator#1","a scientist who devotes himself to doing research"
"n",10611869,0.625,0,"slicker#2","a person with good manners and stylish clothing"
"n",10615179,0.625,0,"sweet_talker#1 smoothy#1 smoothie#1 charmer#1","someone with an assured and ingratiating manner"
"n",10676018,0.75,0,"superordinate#1 superior#1 higher-up#1","one of greater rank or station or quality"
"n",10713502,0.625,0,"wassailer#2 toaster#1","someone who proposes a toast; someone who drinks to the health of success of someone or some venture"
"n",10743124,0.625,0,"utilizer#1 utiliser#1","someone who puts to good use; \"not all organisms are utilizers of oxygen\"; \"the social agencies and their utilizers both objected to the budget cut\""
"n",10882436,0.625,0,"thomas_carew#1 carew#1","Englishman and Cavalier poet whose lyric poetry was favored by Charles I (1595-1639)"
"n",10980097,0.625,0,"frederick_i#1","son of Frederick William who in 1701 became the first king of Prussia (1657-1713)"
"n",11456462,0.625,0,"temperateness#1 sunshine#2 fair_weather#1","moderate weather; suitable for outdoor activities"
"n",11463895,0.75,0.125,"serendipity#1","good luck in making unexpected and fortunate discoveries"
"n",11657904,0.625,0,"parasite_yew#1 parasitaxus_ustus#1","rare and endangered monoecious parasitic conifer of New Caledonia; parasitic on Falcatifolium taxoides"
"n",12964130,0.625,0,"sphaeriaceae#1 family_sphaeriaceae#1","parasitic fungi having globose and sometimes necked or beaked perithecia"
"n",12979129,0.625,0,"synchytrium#1 genus_synchytrium#1","simple parasitic fungi including pond scum parasites"
"n",12980478,0.625,0,"peronosporaceae#1 family_peronosporaceae#1","parasitic fungi: downy mildews"
"n",13012613,0.625,0,"lepiotaceae#1 family_lepiotaceae#1","a family of fungi having free gills and a cap that is cleanly separable from the stalk"
"n",13120775,0.625,0,"semiparasite#1 hemiparasite#1","a parasitic plant that contains some chlorophyll and therefore is capable of photosynthesis"
"n",13252853,0.625,0,"white_elephant#1","a valuable possession whose upkeep is excessively expensive"
"n",13509843,0.625,0.125,"lysis#1","recuperation in which the symptoms of an acute disease gradually subside"
"n",13796216,0.625,0,"immateriality#1","complete irrelevance requiring no further consideration"
"n",13855100,0.625,0,"antipode#1","direct opposite; \"quiet: an antipode to focused busyness\""
"n",13855230,0.75,0,"antithesis#1","exact opposite; \"his theory is the antithesis of mine\""
"n",13856320,0.625,0,"gradable_opposition#1","an opposition that is capable of being graded"
"n",13858270,0.75,0,"contrary#2","exact opposition; \"public opinion to the contrary he is not guilty\""
"n",13986679,0.625,0.125,"satisfaction#2 gratification#1","state of being gratified or satisfied; \"dull repetitious work gives no gratification\"; \"to my immense gratification he arrived on time\""
"n",13987423,1,0,"happiness#1 felicity#2","state of well-being characterized by emotions ranging from contentment to intense joy"
"n",13987905,1,0,"walking_on_air#1 seventh_heaven#1 cloud_nine#1 blissfulness#1 bliss#1","a state of extreme happiness"
"n",13990064,0.75,0,"whiteness#2 sinlessness#1 purity#2 pureness#2 innocence#2","the state of being unsullied by sin or moral wrong; lacking a knowledge of evil"
"n",14039179,0.625,0,"rage#3 passion#3","something that is desired intensely; \"his rage for fame destroyed him\""
"n",14050011,0.75,0,"wholeness#2 haleness#1","a state of robust good health"
"n",14050143,0.625,0,"vitality#2 vim#1 energy#5","a healthy capacity for vigorous activity; \"jogging works off my excess energy\"; \"he seemed full of vim and vigor\""
"n",14050871,0.625,0,"rosiness#1 flush#2 blush#1 bloom#4","a rosy color (especially in the cheeks) taken as a sign of good health"
"n",14051201,0.875,0.125,"radiance#3","an attractive combination of good health and happiness; \"the radiance of her countenance\""
"n",14056280,0.625,0.125,"minimal_brain_dysfunction#1 minimal_brain_damage#1 mbd#1 hyperkinetic_syndrome#1 attention_deficit_hyperactivity_disorder#1 attention_deficit_disorder#1 adhd#1 add#1","a condition (mostly in boys) characterized by behavioral and learning disorders"
"n",14122497,0.625,0.125,"influenza#1 grippe#1 flu#1","an acute febrile highly contagious viral disease"
"n",14190284,0.625,0,"ozone_sickness#1","illness that can occur to persons exposed to ozone in high-altitude aircraft; characterized by sleepiness and headache and chest pains and itchiness"
"n",14204441,0.75,0.25,"algidity#1","prostration characterized by cold and clammy skin and low blood pressure"
"n",14204950,0.75,0.125,"pathology#2","any deviation from a healthy or normal condition"
"n",14225632,0.625,0,"kaposi's_varicelliform_eruption#1 eczema_vaccinatum#1","a now rare complication of vaccinia superimposed on atopic dermatitis with high fever and generalized vesicles and papulovesicles"
"n",14263944,0.625,0,"hog_cholera#1","highly infectious virus disease of swine"
"n",14310292,0.625,0.25,"sudden_infant_death_syndrome#1 sids#1 infant_death#1 crib_death#1 cot_death#1","sudden and unexpected death of an apparently healthy infant during sleep"
"n",14365619,0.625,0.125,"hyperpyrexia#1","extremely high fever (especially in children)"
"n",14379360,0.75,0,"mental_soundness#1 mental_balance#1","the healthy psychological state of someone with good judgment"
"n",14379829,0.625,0,"reasonableness#1 reason#4 rationality#1","the state of having good sense and sound judgment; \"his rationality may have been impaired\"; \"he had to rely less on reason than on rousing their emotions\""
"n",14424517,0.625,0,"restoration#4 renovation#2 refurbishment#1","the state of being restored to its former good condition; \"the inn was a renovation of a Colonial house\""
"n",14428655,0.75,0,"biosafety_level_1#1","exposure only to infectious agents that do not ordinarily cause human disease"
"n",14434866,0.75,0,"emphasis#1 accent#2","special importance or significance; \"the red light gave the central figure increased emphasis\"; \"the room was decorated in shades of grey with distinctive red accents\""
"n",14435445,0.875,0,"preeminence#1 note#8 eminence#1 distinction#2","high status importance owing to marked superiority; \"a scholar of great eminence\""
"n",14438693,0.875,0,"character#6","good repute; \"he is a man of character\""
"n",14447525,0.75,0,"wellbeing#1 well-being#1 welfare#3 upbeat#1 eudaimonia#1 eudaemonia#1","a contented state of being happy and healthy and prosperous; \"the town was finally on the upbeat after our recent troubles\""
"n",14447908,0.625,0,"wellness#1 health#1","a healthy state of wellbeing free from disease; \"physicians should be held responsible for the health of their patients\""
"n",14448200,0.625,0.375,"ill-being#1","lack of prosperity or happiness or health"
"n",14456752,0.625,0,"undress#1","partial or complete nakedness; \"a state of undress\""
"n",14459824,0.625,0,"refinement#1 polish#2 finish#3 culture#5 cultivation#3","a highly developed state of perfection; having a flawless or impeccable quality; \"they performed with great polish\"; \"I admired the exquisite refinement of his prose\"; \"almost an inspiration which gives to all work that finish which is almost art\"--Joseph Conrad"
"n",14460565,0.625,0,"wholeness#1 unity#1 integrity#1","an undivided or unbroken completeness or totality with nothing wanting; \"the integrity of the nervous system is required for normal development\"; \"he took measures to insure the territorial unity of Croatia\""
"n",14461519,0.625,0,"fullness#1 comprehensiveness#1","completeness over a broad scope"
"n",14474052,0.75,0,"successfulness#1 prosperity#2","the condition of prospering; having good fortune"
"n",14495080,0.625,0,"hygiene#1","a condition promoting sanitary practices; \"personal hygiene\""
"n",14495466,0.625,0,"sanitation#1","the state of being clean and conducive to health"
"n",14514685,0.625,0.25,"lotusland#1 lotus_land#1","an idyllic realm of contentment and self-indulgence"
"n",14522113,0.625,0,"good_weather#1","weather suitable for outdoor activities"
"n",14522408,0.75,0.125,"mildness#1 clemency#1","good weather with comfortable temperatures"
"n",14528193,0.625,0,"acquired_immunity#1","immunity to a particular disease that is not innate but has been acquired during life; immunity can be acquired by the development of antibodies after an attack of an infectious disease or by a pregnant mother passing antibodies through the placenta to a fetus or by vaccination"
"n",14542320,0.625,0.25,"health_hazard#1","hazard to the health of those exposed to it"
"n",14546227,0.625,0,"shape#6 condition#5","the state of (good) health (especially in the phrases `in condition' or `in shape' or `out of condition' or `out of shape')"
"n",14546432,0.625,0,"physical_fitness#1 fitness#2","good physical condition; being in shape or in condition"
"n",14546596,0.75,0,"fettle#1","a state of fitness and good health; \"in fine fettle\""
"n",14563222,0.625,0.125,"foulness#1","disgusting wickedness and immorality; \"he understood the foulness of sin\"; \"his display of foulness deserved severe punishment\"; \"mouths which speak such foulness must be cleansed\""
"n",14734625,0.625,0,"haptoglobin#1","a protein in plasma that binds free hemoglobin and removes it (as from wounds)"
"n",14762664,0.625,0,"glove_leather#1","leather suitable for making gloves"
"n",14801146,0.75,0,"posterboard#1 poster_board#1 paperboard#1","a cardboard suitable for making posters"
"n",14879247,0.625,0,"gift_wrap#1","attractive wrapping paper suitable for wrapping gifts"
"n",14977741,0.625,0,"pay_dirt#1","ore that yields a substantial profit to the miner"
"n",15138903,0.625,0,"honeymoon#1","a holiday taken by a newly married couple"
"n",15230790,0.75,0.125,"golden_age#3","(classical mythology) the first and best age of the world, a time of ideal happiness, prosperity, and innocence; by extension, any flourishing and outstanding period"
"n",15245515,0.75,0,"time#4","a suitable moment; \"it is time to go\""
